-- MySQL dump 10.14  Distrib 5.5.68-MariaDB, for Win64 (AMD64)
--
-- Host: 175.15.20.64    Database: admin_db_arbolado
-- ------------------------------------------------------
-- Server version	5.5.68-MariaDB

/*!40101 SET @OLD_CHARACTER_SET_CLIENT=@@CHARACTER_SET_CLIENT */;
/*!40101 SET @OLD_CHARACTER_SET_RESULTS=@@CHARACTER_SET_RESULTS */;
/*!40101 SET @OLD_COLLATION_CONNECTION=@@COLLATION_CONNECTION */;
/*!40101 SET NAMES utf8 */;
/*!40103 SET @OLD_TIME_ZONE=@@TIME_ZONE */;
/*!40103 SET TIME_ZONE='+00:00' */;
/*!40014 SET @OLD_UNIQUE_CHECKS=@@UNIQUE_CHECKS, UNIQUE_CHECKS=0 */;
/*!40014 SET @OLD_FOREIGN_KEY_CHECKS=@@FOREIGN_KEY_CHECKS, FOREIGN_KEY_CHECKS=0 */;
/*!40101 SET @OLD_SQL_MODE=@@SQL_MODE, SQL_MODE='NO_AUTO_VALUE_ON_ZERO' */;
/*!40111 SET @OLD_SQL_NOTES=@@SQL_NOTES, SQL_NOTES=0 */;

--
-- Table structure for table `dashboard_seg_actividad`
--

DROP TABLE IF EXISTS `dashboard_seg_actividad`;
/*!40101 SET @saved_cs_client     = @@character_set_client */;
/*!40101 SET character_set_client = utf8 */;
CREATE TABLE `dashboard_seg_actividad` (
  `id` int(11) NOT NULL AUTO_INCREMENT,
  `area_id` int(11) NOT NULL,
  `actividad` varchar(1000) NOT NULL,
  `indicadores` varchar(1000) NOT NULL,
  `meta` varchar(45) NOT NULL,
  `avance` varchar(45) NOT NULL,
  `detalle` varchar(1000) NOT NULL,
  `porcentaje` varchar(50) NOT NULL,
  `estado_id` int(11) NOT NULL,
  `fecha_registro` varchar(50) DEFAULT NULL,
  PRIMARY KEY (`id`),
  UNIQUE KEY `fecha_registro_UNIQUE` (`fecha_registro`),
  KEY `area_id` (`area_id`),
  KEY `estado_id` (`estado_id`),
  CONSTRAINT `dashboard_seg_actividad_ibfk_1` FOREIGN KEY (`area_id`) REFERENCES `dashboard_seg_area` (`id`) ON DELETE CASCADE ON UPDATE CASCADE,
  CONSTRAINT `dashboard_seg_actividad_ibfk_2` FOREIGN KEY (`estado_id`) REFERENCES `dashboard_seg_estado` (`id`) ON DELETE CASCADE ON UPDATE CASCADE
) ENGINE=InnoDB AUTO_INCREMENT=23 DEFAULT CHARSET=utf8mb4;
/*!40101 SET character_set_client = @saved_cs_client */;

--
-- Dumping data for table `dashboard_seg_actividad`
--

LOCK TABLES `dashboard_seg_actividad` WRITE;
/*!40000 ALTER TABLE `dashboard_seg_actividad` DISABLE KEYS */;
INSERT INTO `dashboard_seg_actividad` VALUES (1,2,' IMPLEMENTAR UN SISTEMA DE COMPRAS VERDES PARA LA MUNICIPALIDAD.','','','','EN INTERNO LA IMPLEMENTACIÓN DEL SGD REDUJO LA COMPRA DEL PAPEL EN LAS DISTINTAS AREAS./EN LO EXTERNO SE REALIZO LA ADQUISICIÓN DE LAS LUCES LED PARA ILUMINAR EL DISTRITO.','100',3,NULL),(2,5,' PLAN DE SEGURIDAD CIUDADANA  ','','','','SE CUENTA CON UN PLAN DE ACCIÓN DISTRITAL DE SEGURIDAD CIUDADANA 2024-2027, CON UN HORIZONTE TEMPORAL DE CUATRO AÑOS CONFORME A LA NORMATIVA VIGENTE. APROBADO CON ORDENANZA MUNICIPAL 619 - MPL DEL 14 DE FEBRERO DEL 2024.','100',3,NULL),(3,5,' OPTIMIZACIÓN VERTICAL DE LA RESPUESTA INMEDIATA DE NUESTRAS FUERZAS ANTE UN HECHO DELICTIVO EN PROCESO. INTEGRACIÓN DINÁMICA Y PERMANENTE DEL EJE VECINO - MUNICIPALIDAD - POLICÍA NACIONAL ','','','','SE HA DOTADO A LA COMISARÍA DE PUEBLO LIBRE DE 08 CELULARES PARA UNA COMUNICACIÓN MÁS DIRECTA CON LOS VECINOS POR CADA SECTOR Y DE 05 RADIOS ASIGNADAS A CADA PATRULLERO PARA QUE UNA REACCIÓN MÁS RÁPIDA ANTE UN HECHO DELICTIVO, SE HA REACTIVADO LA VISUALIZ','100',3,NULL),(4,5,' CONVOCATORIA Y CAPACITACIÓN DE UN CUERPO DE ACCIONES RÁPIDAS CONFORMADO ÚNICAMENTE POR LICENCIADOS DE LAS FFAA EN APOYO A LA COMISARÍA DEL SECTOR Y A LAS FUERZAS REGULARES DEL SERENAZGO. ','','','','EL CUERPO DE SERENAZGO TIENE DENTRO DE SUS GRUPO DE TRABAJO EL GRUPO DE INTERVENCIÓN RÁPIDA (GIR) Y LOS MOTORIZADOS DE INTERVENCIÓN RÁPIDA (MIR).','100',3,NULL),(5,5,' FORMACIÓN DE UN GRUPO DE PATRULLAJE MIMETIZADO (DE CIVIL) EN ZONAS DE ALTO FLUJO PEATONAL Y VEHICULAR. ','','','','NORMATIVAMENTE NO SE PUEDE DAR CUMPLIMIENTO A ESTE COMPROMISO EN RAZÓN QUE LA LEY DE SERENAZGO ESTABLECE EL USO DE UN UNIFORME ÚNICO PARA EFECTUAR EL SERVICIO DE SERENAZGO, FORMAR UN GRUPO QUE ACTÚE DE CIVIL NO ESTA DENTRO DE SUS FACULTADES Y PODRÍAN TRAE','0',1,NULL),(6,5,' IMPLEMENTACIÓN DE UN ÁREA DE INTELIGENCIA OPERATIVA DEPENDIENTE DIRECTAMENTE DE LA GERENCIA DE SEGURIDAD CIUDADANA Y MANEJO DE INFORMACIÓN SENSIBLE CON LA COMISARÍA DEL SECTOR ','','','','SE TRABAJA PERMANENTEMENTE CON LA COMISARÍA Y EL DEPINCRI REMITIENDO LA INFORMACIÓN OBTENIDA POR LOS SERENOS O REMITIDA POR LOS VECINOS REFERENTES A POSIBLE ACTIVIDAD DELICTIVA EN EL DISTRITO.','100',3,NULL),(7,5,' EL PLAN INTEGRAL DE SEGURIDAD PÚBLICA PISP TENDRÁ UN HORIZONTE TEMPORAL DE UN AÑO SUJETO A EVALUACIÓN, REVISIÓN, Y REDISEÑO DE SER NECESARIO. MÁXIMA EN FENOMENOLOGÍA SOCIAL: LO SOCIAL ES ALTAMENTE DINÁMICO. ','','','','SE CUENTA CON UN PLAN DE ACCIÓN DISTRITAL DE SEGURIDAD CIUDADANA 2024-2027 CON UN HORIZONTE DE 04 AÑOS, ESTABLECIDO POR LA NORMATIVA DE SEGURIDAD CIUDADANA VIGENTE.','100',3,NULL),(8,5,' EMPADRONAMIENTO Y CAPACITACIÓN DE LOS VIGILANTES INDEPENDIENTES DE CUADRA PARA INCORPORARLOS TÉCNICAMENTE AL NUEVO SISTEMA FRONTAL DE COMBATE A LA DELINCUENCIA. ','','','','LOS VIGILANTES PARTICULARES DE LOS OCHO SECTORES SE ENCUENTRAN DEBIDAMENTE IDENTIFICADOS.','100',3,NULL),(9,5,' ESTABLECIMIENTO DE 01 JORNADA ANUAL DE TRABAJO, INTERCAMBIO DE EXPERIENCIAS, CAPACITACIÓN, CON PERSONAL DE CARABINEROS DE CHILE (UNA DE LAS MEJORES FUERZAS POLICIALES DE LATINOAMÉRICA) Y CON EL CENTRO DE ESTUDIOS EN SEGURIDAD CIUDADANA DE LA UNIVERSIDAD ','','','','SE REALIZARÁ INTERCAMBIO DE MANERA VCIRTUAL EN 2026','0',1,NULL),(10,5,' ESTABLECIMIENTO DE UNA BRIGADA DE APOYO INMEDIATO A LAS VÍCTIMAS DE LA DELINCUENCIA Y VIOLENCIA DOMÉSTICA SEA EN TEMAS DE DENUNCIAS POLICIALES APOYO PSICOLÓGICO, MÉDICOS, DE TAL FORMA QUE LA VÍCTIMA VEA EL APOYO DE SU MUNICIPALIDAD EN CASO DE DARSE UN EV','','','','IMPLICA LA CONTRATACIÓN DE PERSONAL PROFESIONAL EN DERECHO, PSICOLOGÍA QUE PUEDAN REALIZAR EL APOYO EN EL MOMENTO DEL HECHO Y UN SEGUIMIENTO DEL CASO, LO QUE GENERARÍA UN PRESUPUESTO ADICIONAL.','0',4,NULL),(11,5,' REACTIVACIÓN Y POTENCIAMIENTO DE LA BRIGADA CANINA','','','','SE CUENTA CON UNA BRIGADA CANINA CON 8 CANES Y CON LAS INSTALACIONES DE SUS CANILES RENOVADAS. LA BRIGADA CANINA ADEMÁS DE LA LABOR PROPIA DE SEGURIDAD SE PROYECTA A LA COMUNIDAD A TRAVÉS DEL TOUR DE LAS COLITAS.','100',3,NULL),(12,5,' ACTIVACIÓN DE UN ACUERDO MACRO CON LA COMISARÍA DE PUEBLO LIBRE A TRAVÉS DE LA 7MA REGIÓN DE LA POLICÍA NACIONAL.','','','','SE ESTA TRABAJANDO A TRAVÉS DEL PLAN DE PATRULLAJE INTEGRADO DEBIDAMENTE SUSCRITO POR EL COMISARIO Y EL GERENTE DE SEGURIDAD CIUDADANA.','100',3,NULL),(13,5,' EMPADRONAMIENTO DE LA POBLACIÓN EXTRANJERA QUE VIVA O LABORE EN EL DISTRITO Y CRUCE DE INFORMACIÓN CON LA COMISARÍA DEL DISTRITO. ','','','','EL CONTROL Y REGULACIÓN MIGRATORIA ESTA REGULADO POR LAS LEYES DE CARÁCTER NACIONAL, NO ES POSIBLE REALIZARLO MEDIANTE ORDENANZA. SIN EMBARGO SI SE VIENE COORDINANDO CON MIGRACIONES Y LA POLICÍA DE EXTRANJERÍA PARA REALIZAR OPERATIVOS PERIÓDICOS DIRIGIDOS','0',4,NULL),(14,5,' FORTALECIMIENTO DE LAS LÍNEAS DE ACCIÓN PREVENTIVO DISUASIVAS EN EL DISTRITO (PATRULLAJES  MOTORIZADOS, CANINOS,A  PIE, VEHICULAR, CÁMARAS, BICICLETAS, DRONES, CARAVANAS DE SATURACIÓN, GRUPO DE REACCIÓN RÁPIDA EQUIPADO CON GASPIMIENTA) ,','','','','\"LAS LÍNEAS DE ACCIÓN PREVENTIVO DISUASIVAS HAN SIDO FORTALECIDAS CON:\n 1. RENOVACIÓN DE FLOTA VEHICULAR Y DE MOTOCILETAS.\n 2. EJECUCIÓN DE OPERATIVOS DE SATURACIÓN CON UNIDADES ESPECIALIZADAS PNP Y SERENAZGO SIN FRONTERAS.\n 3. CONFORMACIÓN DEL GRUPO MIR.','100',3,NULL);
/*!40000 ALTER TABLE `dashboard_seg_actividad` ENABLE KEYS */;
UNLOCK TABLES;

--
-- Table structure for table `dashboard_seg_area`
--

DROP TABLE IF EXISTS `dashboard_seg_area`;
/*!40101 SET @saved_cs_client     = @@character_set_client */;
/*!40101 SET character_set_client = utf8 */;
CREATE TABLE `dashboard_seg_area` (
  `id` int(11) NOT NULL AUTO_INCREMENT,
  `nombre` varchar(255) NOT NULL,
  `estado` varchar(50) NOT NULL,
  PRIMARY KEY (`id`)
) ENGINE=InnoDB AUTO_INCREMENT=32 DEFAULT CHARSET=utf8mb4;
/*!40101 SET character_set_client = @saved_cs_client */;

--
-- Dumping data for table `dashboard_seg_area`
--

LOCK TABLES `dashboard_seg_area` WRITE;
/*!40000 ALTER TABLE `dashboard_seg_area` DISABLE KEYS */;
INSERT INTO `dashboard_seg_area` VALUES (1,'ALCALDÍA','1'),(2,'GERENCIA DE ADMINISTRACIÓN','1'),(3,'GERENCIA DE ASESORÍA JURÍDICA','1'),(4,'GERENCIA DE COMUNICACIONES E IMAGEN INSTITUCIONAL','1'),(5,'GERENCIA DE COORDINACIÓN DE LA SEGURIDAD CIUDADANA','1'),(6,'GERENCIA DE CULTURA, TURISMO Y EDUCACIÓN','1'),(7,'GERENCIA DE DESARROLLO HUMANO','1'),(8,'GERENCIA DE DESARROLLO URBANO Y DEL AMBIENTE','1'),(9,'GERENCIA DE DISEÑO, INNOVACIÓN Y DESARROLLO SOSTENIBLE','1'),(10,'GERENCIA DE PLANEAMIENTO Y PRESUPUESTO','1'),(11,'GERENCIA DE RENTAS Y DESARROLLO ECONÓMICO','1'),(12,'GERENCIA DE TECNOLOGÍA DE LA INFORMACIÓN','1'),(13,'GERENCIA MUNICIPAL','1'),(14,'ORGANO DE CONTROL INSTITUCIONAL','1'),(15,'PROCURADURIA','1'),(16,'SECRETARÍA GENERAL','1'),(17,'SUBGERENCIA DE ATENCIÓN AL CIUDADANO Y GESTIÓN DOCUMENTAL','1'),(18,'SUBGERENCIA DE CONTABILIDAD','1'),(19,'SUBGERENCIA DE DESARROLLO EMPRESARIAL Y COMERCIALIZACIÓN','1'),(20,'SUBGERENCIA DE FISCALIZACIÓN Y SANCIONES ADMINISTRATIVAS','1'),(21,'SUBGERENCIA DE GESTIÓN AMBIENTAL','1'),(22,'SUBGERENCIA DE GESTIÓN DE RIESGO DE DESASTRES','1'),(23,'SUBGERENCIA DE JUVENTUD Y DEPORTES','1'),(24,'SUBGERENCIA DE LOGÍSTICA Y PATRIMONIO','1'),(25,'SUBGERENCIA DE OBRAS PRIVADAS Y HABILITACIONES URBANAS','1'),(26,'SUBGERENCIA DE OBRAS PÚBLICAS Y CATASTRO','1'),(27,'SUBGERENCIA DE PARTICIPACIÓN VECINAL','1'),(28,'SUBGERENCIA DE RECAUDACIÓN Y EJECUTORIA COACTIVA','1'),(29,'SUBGERENCIA DE RECURSOS HUMANOS','1'),(30,'SUBGERENCIA DE REGISTRO Y FISCALIZACIÓN TRIBUTARIA','1'),(31,'SUBGERENCIA DE TESORERÍA','1');
/*!40000 ALTER TABLE `dashboard_seg_area` ENABLE KEYS */;
UNLOCK TABLES;

--
-- Table structure for table `dashboard_seg_estado`
--

DROP TABLE IF EXISTS `dashboard_seg_estado`;
/*!40101 SET @saved_cs_client     = @@character_set_client */;
/*!40101 SET character_set_client = utf8 */;
CREATE TABLE `dashboard_seg_estado` (
  `id` int(11) NOT NULL AUTO_INCREMENT,
  `descripcion` varchar(255) NOT NULL,
  PRIMARY KEY (`id`)
) ENGINE=InnoDB AUTO_INCREMENT=5 DEFAULT CHARSET=utf8mb4;
/*!40101 SET character_set_client = @saved_cs_client */;

--
-- Dumping data for table `dashboard_seg_estado`
--

LOCK TABLES `dashboard_seg_estado` WRITE;
/*!40000 ALTER TABLE `dashboard_seg_estado` DISABLE KEYS */;
INSERT INTO `dashboard_seg_estado` VALUES (1,'Sin Iniciar'),(2,'En Progreso'),(3,'Completado'),(4,'Otra estrategia');
/*!40000 ALTER TABLE `dashboard_seg_estado` ENABLE KEYS */;
UNLOCK TABLES;

--
-- Table structure for table `dashboard_seg_permissions`
--

DROP TABLE IF EXISTS `dashboard_seg_permissions`;
/*!40101 SET @saved_cs_client     = @@character_set_client */;
/*!40101 SET character_set_client = utf8 */;
CREATE TABLE `dashboard_seg_permissions` (
  `id` int(11) NOT NULL AUTO_INCREMENT,
  `permission_name` varchar(100) NOT NULL,
  `permission_modulo` varchar(1000) NOT NULL,
  PRIMARY KEY (`id`)
) ENGINE=InnoDB AUTO_INCREMENT=2 DEFAULT CHARSET=utf8mb4;
/*!40101 SET character_set_client = @saved_cs_client */;

--
-- Dumping data for table `dashboard_seg_permissions`
--

LOCK TABLES `dashboard_seg_permissions` WRITE;
/*!40000 ALTER TABLE `dashboard_seg_permissions` DISABLE KEYS */;
INSERT INTO `dashboard_seg_permissions` VALUES (1,'actividades','Actividades');
/*!40000 ALTER TABLE `dashboard_seg_permissions` ENABLE KEYS */;
UNLOCK TABLES;

--
-- Table structure for table `dashboard_seg_role_permissions`
--

DROP TABLE IF EXISTS `dashboard_seg_role_permissions`;
/*!40101 SET @saved_cs_client     = @@character_set_client */;
/*!40101 SET character_set_client = utf8 */;
CREATE TABLE `dashboard_seg_role_permissions` (
  `id` int(11) NOT NULL AUTO_INCREMENT,
  `role_id` int(11) NOT NULL,
  `permission_id` int(11) NOT NULL,
  PRIMARY KEY (`id`)
) ENGINE=InnoDB AUTO_INCREMENT=3 DEFAULT CHARSET=utf8mb4;
/*!40101 SET character_set_client = @saved_cs_client */;

--
-- Dumping data for table `dashboard_seg_role_permissions`
--

LOCK TABLES `dashboard_seg_role_permissions` WRITE;
/*!40000 ALTER TABLE `dashboard_seg_role_permissions` DISABLE KEYS */;
INSERT INTO `dashboard_seg_role_permissions` VALUES (1,1,1);
/*!40000 ALTER TABLE `dashboard_seg_role_permissions` ENABLE KEYS */;
UNLOCK TABLES;

--
-- Table structure for table `dashboard_seg_roles`
--

DROP TABLE IF EXISTS `dashboard_seg_roles`;
/*!40101 SET @saved_cs_client     = @@character_set_client */;
/*!40101 SET character_set_client = utf8 */;
CREATE TABLE `dashboard_seg_roles` (
  `id` int(11) NOT NULL AUTO_INCREMENT,
  `role_name` varchar(50) NOT NULL,
  PRIMARY KEY (`id`)
) ENGINE=InnoDB AUTO_INCREMENT=3 DEFAULT CHARSET=utf8mb4;
/*!40101 SET character_set_client = @saved_cs_client */;

--
-- Dumping data for table `dashboard_seg_roles`
--

LOCK TABLES `dashboard_seg_roles` WRITE;
/*!40000 ALTER TABLE `dashboard_seg_roles` DISABLE KEYS */;
INSERT INTO `dashboard_seg_roles` VALUES (1,'admin');
/*!40000 ALTER TABLE `dashboard_seg_roles` ENABLE KEYS */;
UNLOCK TABLES;

--
-- Table structure for table `dashboard_seg_users`
--

DROP TABLE IF EXISTS `dashboard_seg_users`;
/*!40101 SET @saved_cs_client     = @@character_set_client */;
/*!40101 SET character_set_client = utf8 */;
CREATE TABLE `dashboard_seg_users` (
  `id` int(11) NOT NULL AUTO_INCREMENT,
  `username` varchar(50) NOT NULL,
  `password` varchar(255) NOT NULL,
  `role_id` int(11) NOT NULL,
  PRIMARY KEY (`id`)
) ENGINE=InnoDB AUTO_INCREMENT=20 DEFAULT CHARSET=utf8mb4;
/*!40101 SET character_set_client = @saved_cs_client */;

--
-- Dumping data for table `dashboard_seg_users`
--

LOCK TABLES `dashboard_seg_users` WRITE;
/*!40000 ALTER TABLE `dashboard_seg_users` DISABLE KEYS */;
INSERT INTO `dashboard_seg_users` VALUES (1,'administrador','$2y$10$wUoGZ3tS80hU9OqlcVetFuYkSKsj/L5kNFS14lFI3Ctys6COnSI4.',1),(2,'achuquimango','$2y$10$yl.LAe72PQRfzVS7JZMv6Oq7A5aFvsRmjdTfTFkZ1RbS8msxnBs2K',1);
/*!40000 ALTER TABLE `dashboard_seg_users` ENABLE KEYS */;
UNLOCK TABLES;
/*!40103 SET TIME_ZONE=@OLD_TIME_ZONE */;

/*!40101 SET SQL_MODE=@OLD_SQL_MODE */;
/*!40014 SET FOREIGN_KEY_CHECKS=@OLD_FOREIGN_KEY_CHECKS */;
/*!40014 SET UNIQUE_CHECKS=@OLD_UNIQUE_CHECKS */;
/*!40101 SET CHARACTER_SET_CLIENT=@OLD_CHARACTER_SET_CLIENT */;
/*!40101 SET CHARACTER_SET_RESULTS=@OLD_CHARACTER_SET_RESULTS */;
/*!40101 SET COLLATION_CONNECTION=@OLD_COLLATION_CONNECTION */;
/*!40111 SET SQL_NOTES=@OLD_SQL_NOTES */;

-- Dump completed on 2025-11-24 17:40:36
